{"cameraMode":{"drawMode":0,"name":"Shaded","section":"Shading Mode"},"sceneLighting":true,"audioPlay":false,"sceneViewState":{"m_AlwaysRefresh":false,"showFog":true,"showSkybox":true,"showFlares":true,"showImageEffects":true,"showParticleSystems":true,"showVisualEffectGraphs":true,"m_FxEnabled":true},"in2DMode":false,"pivot":{"x":-10.198458671569825,"y":16.770978927612306,"z":-23.457321166992189},"rotation":{"x":-0.37239542603492739,"y":-0.13349787890911103,"z":0.05422001704573631,"w":-0.9168559908866882},"size":34.70889663696289,"orthographic":false}